ID,exons,exon_id,gene_id,gene_name,transcript_id,delta_logit_psi,ref_acceptorIntron,ref_acceptor,ref_exon,ref_donor,ref_donorIntron,alt_acceptorIntron,alt_acceptor,alt_exon,alt_donor,alt_donorIntron,pathogenicity,efficiency
chr2:28764482:C>T,chr2:28764573-28764678:+,ENSE00001802581.1_1,ENSG00000163803.13_8,PLB1,ENST00000327757.10_4,0.00443661762537229,-4.3072386,0.12914169,-2.8950274,7.0197005,0.1589058,-4.2996135,0.12914169,-2.8950274,7.0197005,0.1589058,0.08788736515580946,-0.12248809929900792
chr2:28764482:C>T,chr2:28764573-28764678:+,ENSE00001802581.1_1,ENSG00000163803.13_8,PLB1,ENST00000422425.6_3,0.00443661762537229,-4.3072386,0.12914169,-2.8950274,7.0197005,0.1589058,-4.2996135,0.12914169,-2.8950274,7.0197005,0.1589058,0.08788736515580946,-0.12248809929900792
chr2:28764482:C>T,chr2:28764573-28764678:+,ENSE00001802581.1_1,ENSG00000163803.13_8,PLB1,ENST00000404858.5_6,0.00443661762537229,-4.3072386,0.12914169,-2.8950274,7.0197005,0.1589058,-4.2996135,0.12914169,-2.8950274,7.0197005,0.1589058,0.08788736515580946,-0.12248809929900792
chr2:97312723:C>T,chr2:97312800-97312892:+,ENSE00003755000.1_1,ENSG00000249715.12_6,FER1L5,ENST00000624922.6_5,0.04639412411515779,-3.9137683,-1.1164696,-3.0657845,3.5570042,0.042374413,-3.8216975,-1.1164696,-3.0657845,3.5570042,0.042374413,0.4192470252662204,-0.12248809929900792
chr2:97312723:C>T,chr2:97312800-97312892:+,ENSE00003755000.1_1,ENSG00000249715.12_6,FER1L5,ENST00000436930.6_3,0.04639412411515779,-3.9137683,-1.1164696,-3.0657845,3.5570042,0.042374413,-3.8216975,-1.1164696,-3.0657845,3.5570042,0.042374413,0.4192470252662204,-0.12248809929900792
chr2:97312723:C>T,chr2:97312800-97312892:+,ENSE00003755000.1_1,ENSG00000249715.12_6,FER1L5,ENST00000641731.1_1,0.04639412411515779,-3.9137683,-1.1164696,-3.0657845,3.5570042,0.042374413,-3.8216975,-1.1164696,-3.0657845,3.5570042,0.042374413,0.4192470252662204,-0.12248809929900792
chr2:97312723:C>T,chr2:97312800-97312892:+,ENSE00003755000.1_1,ENSG00000249715.12_6,FER1L5,ENST00000623019.5_3,0.04639412411515779,-3.9137683,-1.1164696,-3.0657845,3.5570042,0.042374413,-3.8216975,-1.1164696,-3.0657845,3.5570042,0.042374413,0.4192470252662204,-0.12248809929900792
chr2:97312723:C>T,chr2:97312800-97312892:+,ENSE00002441800.1_1,ENSG00000249715.12_6,FER1L5,ENST00000623246.5_3,0.04639412411515779,-3.9137683,-1.1164696,-3.0657845,3.5570042,0.042374413,-3.8216975,-1.1164696,-3.0657845,3.5570042,0.042374413,0.4192470252662204,-0.12248809929900792
chr2:131127604:C>T,chr2:131127620-131127763:+,ENSE00003580559.1_1,ENSG00000072135.13_5,PTPN18,ENST00000347849.7_1,0.00442404622079104,-2.7154112,2.5380268,-3.083766,-0.7753943,0.3248314,-2.751119,2.6113002,-3.083766,-0.7753943,0.3248314,0.5658215561778217,-0.09093186047770904
chr2:131127604:C>T,chr2:131127620-131127802:+,ENSE00001919825.1_1,ENSG00000072135.13_5,PTPN18,ENST00000489215.5_1,0.00442404622079104,-2.7154112,2.5380268,-3.6310225,-2.609678,0.1050826,-2.751119,2.6113002,-3.6310225,-2.609678,0.1050826,0.7864468597205619,-0.09093186047770904
chr2:131127604:C>T,chr2:131127620-131127763:+,ENSE00003580559.1_1,ENSG00000072135.13_5,PTPN18,ENST00000175756.10_2,0.00442404622079104,-2.7154112,2.5380268,-3.083766,-0.7753943,0.3248314,-2.751119,2.6113002,-3.083766,-0.7753943,0.3248314,0.5658215561778217,-0.09093186047770904
chr2:131127604:C>T,chr2:131127620-131127761:+,ENSE00001747772.1_1,ENSG00000072135.13_5,PTPN18,ENST00000428843.5_1,0.00442404622079104,-2.7154112,2.5380268,-3.5373478,-3.0980291,0.1050826,-2.751119,2.6113002,-3.5373478,-3.0980291,0.1050826,0.8258855217430132,-0.09093186047770904
chr2:131127604:C>T,chr2:131127620-131128000:+,ENSE00001911845.1_1,ENSG00000072135.13_5,PTPN18,ENST00000483617.5_2,0.00442404622079104,-2.7154112,2.5380268,-4.3594637,-3.4151728,0.1050826,-2.751119,2.6113002,-4.3594637,-3.4151728,0.1050826,0.8609352701009761,-0.09093186047770904
chr2:131127604:C>T,chr2:131127620-131127763:+,ENSE00003618604.1_1,ENSG00000072135.13_5,PTPN18,ENST00000495400.1_1,0.00442404622079104,-2.7154112,2.5380268,-3.083766,-0.7753943,0.3248314,-2.751119,2.6113002,-3.083766,-0.7753943,0.3248314,0.5658215561778217,-0.09093186047770904
chr2:8910963:C>T,chr2:8910799-8910962:-,ENSE00003577409.1_1,ENSG00000134313.16_8,KIDINS220,ENST00000569008.2_3,-0.12226570813142253,-1.8639565,0.30409288,-3.39646,2.1933422,0.6806589,-1.8639565,0.13414168,-3.39646,2.1933422,0.6806589,0.6908809251704997,-0.19567999679802375
chr2:8910963:C>T,chr2:8910799-8910962:-,ENSE00003577409.1_1,ENSG00000134313.16_8,KIDINS220,ENST00000496383.5_2,-0.12226570813142253,-1.8639565,0.30409288,-3.39646,2.1933422,0.6806589,-1.8639565,0.13414168,-3.39646,2.1933422,0.6806589,0.6908809251704997,-0.19567999679802375
chr2:8910963:C>T,chr2:8910799-8910962:-,ENSE00003577409.1_1,ENSG00000134313.16_8,KIDINS220,ENST00000256707.8_6,-0.12226570813142253,-1.8639565,0.30409288,-3.39646,2.1933422,0.6806589,-1.8639565,0.13414168,-3.39646,2.1933422,0.6806589,0.6908809251704997,-0.19567999679802375
chr2:8910963:C>T,chr2:8910799-8910962:-,ENSE00003577409.1_1,ENSG00000134313.16_8,KIDINS220,ENST00000473731.5_5,-0.12226570813142253,-1.8639565,0.30409288,-3.39646,2.1933422,0.6806589,-1.8639565,0.13414168,-3.39646,2.1933422,0.6806589,0.6908809251704997,-0.19567999679802375
chr2:8910963:C>T,chr2:8910799-8910962:-,ENSE00003637623.1_1,ENSG00000134313.16_8,KIDINS220,ENST00000488729.5_2,-0.12226570813142253,-1.8639565,0.30409288,-3.39646,2.1933422,0.6806589,-1.8639565,0.13414168,-3.39646,2.1933422,0.6806589,0.6908809251704997,-0.19567999679802375
chr2:8910963:C>T,chr2:8910799-8910962:-,ENSE00003577409.1_1,ENSG00000134313.16_8,KIDINS220,ENST00000489024.5_2,-0.12226570813142253,-1.8639565,0.30409288,-3.39646,2.1933422,0.6806589,-1.8639565,0.13414168,-3.39646,2.1933422,0.6806589,0.6908809251704997,-0.19567999679802375
chr2:8910963:C>T,chr2:8910799-8910962:-,ENSE00003577409.1_1,ENSG00000134313.16_8,KIDINS220,ENST00000319688.5_3,-0.12226570813142253,-1.8639565,0.30409288,-3.39646,2.1933422,0.6806589,-1.8639565,0.13414168,-3.39646,2.1933422,0.6806589,0.6908809251704997,-0.19567999679802375
chr2:180838386:C>T,chr2:180838360-180838529:-,ENSE00001577932.1_1,ENSG00000163510.14_5,CWC22,ENST00000410053.8_3,-0.14915132842226814,-1.9116862,-1.5037763,-4.0017214,2.7538319000000002,0.13637489,-1.9116862,-1.5037763,-4.098516,2.7538319000000002,0.13637489,0.5647551217562827,-0.4937952912164465
chr2:180838386:C>T,chr2:180838360-180838529:-,ENSE00001577932.1_1,ENSG00000163510.14_5,CWC22,ENST00000404136.2_2,-0.14915132842226814,-1.9116862,-1.5037763,-4.0017214,2.7538319000000002,0.13637489,-1.9116862,-1.5037763,-4.098516,2.7538319000000002,0.13637489,0.5647551217562827,-0.4937952912164465
chr5:168233440:G>A,chr5:168233450-168233592:-,ENSE00003675724.1_1,ENSG00000184347.15_6,SLIT3,ENST00000404867.7_2,0.10199184795402402,-3.6479564,-1.3870742,-2.7580705,3.6837206,0.06988307,-3.6479564,-1.3870742,-2.7580705,3.427946,0.13275838,0.31543638778306815,-0.3896278985919757
chr5:168233440:G>A,chr5:168233450-168233592:-,ENSE00003675724.1_1,ENSG00000184347.15_6,SLIT3,ENST00000519560.6_4,0.10199184795402402,-3.6479564,-1.3870742,-2.7580705,3.6837206,0.06988307,-3.6479564,-1.3870742,-2.7580705,3.427946,0.13275838,0.31543638778306815,-0.3896278985919757
chr5:168233440:G>A,chr5:168233450-168233592:-,ENSE00003675724.1_1,ENSG00000184347.15_6,SLIT3,ENST00000332966.8_3,0.10199184795402402,-3.6479564,-1.3870742,-2.7580705,3.6837206,0.06988307,-3.6479564,-1.3870742,-2.7580705,3.427946,0.13275838,0.31543638778306815,-0.3896278985919757
chr5:168233440:G>A,chr5:168233450-168233592:-,ENSE00003613630.1_1,ENSG00000184347.15_6,SLIT3,ENST00000518140.5_2,0.10199184795402402,-3.6479564,-1.3870742,-2.7580705,3.6837206,0.06988307,-3.6479564,-1.3870742,-2.7580705,3.427946,0.13275838,0.31543638778306815,-0.3896278985919757
chr5:168233440:G>A,chr5:168233450-168233592:-,ENSE00003613630.1_1,ENSG00000184347.15_6,SLIT3,ENST00000521150.1_2,0.10199184795402402,-3.6479564,-1.3870742,-2.7580705,3.6837206,0.06988307,-3.6479564,-1.3870742,-2.7580705,3.427946,0.13275838,0.31543638778306815,-0.3896278985919757
chr7:22202079:G>A,chr7:22202014-22202159:-,ENSE00003498753.1_1,ENSG00000136237.19_8,RAPGEF5,ENST00000665637.1_3,0.05078235972336128,-1.8551319,0.32872975,-3.4712162,3.307001,0.82503444,-1.8551319,0.32872975,-3.4388213,3.307001,0.82503444,0.4085674459080408,0.00177971632662951
chr7:22202079:G>A,chr7:22202014-22202159:-,ENSE00003498753.1_1,ENSG00000136237.19_8,RAPGEF5,ENST00000401957.6_2,0.05078235972336128,-1.8551319,0.32872975,-3.4712162,3.307001,0.82503444,-1.8551319,0.32872975,-3.4388213,3.307001,0.82503444,0.4085674459080408,0.00177971632662951
chr7:22202079:G>A,chr7:22202014-22202159:-,ENSE00003498753.1_1,ENSG00000136237.19_8,RAPGEF5,ENST00000344041.10_3,0.05078235972336128,-1.8551319,0.32872975,-3.4712162,3.307001,0.82503444,-1.8551319,0.32872975,-3.4388213,3.307001,0.82503444,0.4085674459080408,0.00177971632662951
chr7:22202079:G>A,chr7:22202014-22202159:-,ENSE00003498753.1_1,ENSG00000136237.19_8,RAPGEF5,ENST00000620335.4_2,0.05078235972336128,-1.8551319,0.32872975,-3.4712162,3.307001,0.82503444,-1.8551319,0.32872975,-3.4388213,3.307001,0.82503444,0.4085674459080408,0.00177971632662951
chr7:22202079:G>A,chr7:22202014-22202159:-,ENSE00003498753.1_1,ENSG00000136237.19_8,RAPGEF5,ENST00000458533.5_4,0.05078235972336128,-1.8551319,0.32872975,-3.4712162,3.307001,0.82503444,-1.8551319,0.32872975,-3.4388213,3.307001,0.82503444,0.4085674459080408,0.00177971632662951
chr7:22202079:G>A,chr7:22202014-22202159:-,ENSE00003613694.1_1,ENSG00000136237.19_8,RAPGEF5,ENST00000451559.1_2,0.05078235972336128,-1.8551319,0.32872975,-3.4712162,3.307001,0.82503444,-1.8551319,0.32872975,-3.4388213,3.307001,0.82503444,0.4085674459080408,0.00177971632662951
chr8:6357420:C>T,chr8:6357372-6357450:+,ENSE00003625574.1_1,ENSG00000147316.13_4,MCPH1,ENST00000344683.10_3,-0.2017725645371332,-2.2455754,0.12304789,-4.372113,3.0872428,0.43587077,-2.2455754,0.12304789,-4.5029097,3.0872428,0.43587077,0.4584529153442959,-0.6242273846091093
chr8:6357420:C>T,chr8:6357372-6357450:+,ENSE00003675068.1_1,ENSG00000147316.13_4,MCPH1,ENST00000519221.5_1,-0.2017725645371332,-2.2455754,0.12304789,-4.372113,3.0872428,0.43587077,-2.2455754,0.12304789,-4.5029097,3.0872428,0.43587077,0.4584529153442959,-0.6242273846091093
chr8:6357420:C>T,chr8:6357372-6357450:+,ENSE00003675068.1_1,ENSG00000147316.13_4,MCPH1,ENST00000521129.1_1,-0.2017725645371332,-2.2455754,0.12304789,-4.372113,3.0872428,0.43587077,-2.2455754,0.12304789,-4.5029097,3.0872428,0.43587077,0.4584529153442959,-0.6242273846091093
chr8:6357420:C>T,chr8:6357152-6360782:-,ENSE00003770034.2_1,ENSG00000091879.14_4,ANGPT2,ENST00000629816.3_3,-0.00325131901177742,-2.92052,0.16160035,-4.8387938,-2.4812908,0.1050826,-2.92052,0.16160035,-4.8413134,-2.4812908,0.1050826,0.9499265198128676,-0.13215339417169686
chr8:6357420:C>T,chr8:6357171-6360782:-,ENSE00001854410.1_1,ENSG00000091879.14_4,ANGPT2,ENST00000325203.9_2,-0.00327124375093489,-2.92052,0.16160035,-4.8459625,-2.1827197,0.1050826,-2.92052,0.16160035,-4.848495,-2.1827197,0.1050826,0.9417150478647628,-0.13220278156033477
chr10:8006689:C>T,chr10:8005882-8007705:+,ENSE00001094855.2_1,ENSG00000165632.8_4,TAF3,ENST00000344293.6_2,-0.0076329167431644,-2.4165487,2.4875119,-2.9865048,3.1233542,0.25829732,-2.4165487,2.4875119,-2.9918556,3.1233542,0.25829732,0.3162304229696667,-0.14301404676567692
chr10:91528535:G>A,chr10:91528494-91528645:+,ENSE00003483896.1_1,ENSG00000138182.14_3,KIF20B,ENST00000260753.8_1,-0.2673183147854739,-2.0971298,-0.9896295,-3.5764432,1.9203395,0.79028046,-2.0971298,-0.9896295,-3.7495928,1.9203395,0.79028046,0.6441220070954059,-0.7866954307648821
chr10:91528535:G>A,chr10:91528494-91528645:+,ENSE00003483896.1_1,ENSG00000138182.14_3,KIF20B,ENST00000371728.7_1,-0.2673183147854739,-2.0971298,-0.9896295,-3.5764432,1.9203395,0.79028046,-2.0971298,-0.9896295,-3.7495928,1.9203395,0.79028046,0.6441220070954059,-0.7866954307648821
chr10:91528535:G>A,chr10:91528494-91528645:+,ENSE00003487985.1_1,ENSG00000138182.14_3,KIF20B,ENST00000478929.1_1,-0.2673183147854739,-2.0971298,-0.9896295,-3.5764432,1.9203395,0.79028046,-2.0971298,-0.9896295,-3.7495928,1.9203395,0.79028046,0.6441220070954059,-0.7866954307648821
chr11:18028133:C>T,chr11:18028137-18028293:-,ENSE00003544172.1_1,ENSG00000129158.11_6,SERGEF,ENST00000527494.5_2,-2.5021402981550716,-2.6105227,-3.1782546,-4.129793,6.295988,0.40048367,-2.6105227,-3.1782546,-4.129793,2.9594498,0.40048367,0.9995716616721806,-3.607284991769029
chr11:18028133:C>T,chr11:18028137-18028293:-,ENSE00003689096.1_1,ENSG00000129158.11_6,SERGEF,ENST00000525422.5_2,-2.5021402981550716,-2.6105227,-3.1782546,-4.129793,6.295988,0.40048367,-2.6105227,-3.1782546,-4.129793,2.9594498,0.40048367,0.9995716616721806,-3.607284991769029
chr11:18028133:C>T,chr11:18028137-18028293:-,ENSE00003689096.1_1,ENSG00000129158.11_6,SERGEF,ENST00000265965.10_3,-2.5021402981550716,-2.6105227,-3.1782546,-4.129793,6.295988,0.40048367,-2.6105227,-3.1782546,-4.129793,2.9594498,0.40048367,0.9995716616721806,-3.607284991769029
chr11:18028133:C>T,chr11:18028137-18028293:-,ENSE00003689096.1_1,ENSG00000129158.11_6,SERGEF,ENST00000528200.5_2,-2.5021402981550716,-2.6105227,-3.1782546,-4.129793,6.295988,0.40048367,-2.6105227,-3.1782546,-4.129793,2.9594498,0.40048367,0.9995716616721806,-3.607284991769029
chr11:18028133:C>T,chr11:18028137-18028293:-,ENSE00003544172.1_1,ENSG00000129158.11_6,SERGEF,ENST00000532265.5_2,-2.5021402981550716,-2.6105227,-3.1782546,-4.129793,6.295988,0.40048367,-2.6105227,-3.1782546,-4.129793,2.9594498,0.40048367,0.9995716616721806,-3.607284991769029
chr11:18028133:C>T,chr11:18028137-18028293:-,ENSE00003544172.1_1,ENSG00000129158.11_6,SERGEF,ENST00000529728.5_2,-2.5021402981550716,-2.6105227,-3.1782546,-4.129793,6.295988,0.40048367,-2.6105227,-3.1782546,-4.129793,2.9594498,0.40048367,0.9995716616721806,-3.607284991769029
chr11:18028133:C>T,chr11:18028137-18028293:-,ENSE00003544172.1_1,ENSG00000129158.11_6,SERGEF,ENST00000530613.5_2,-2.5021402981550716,-2.6105227,-3.1782546,-4.129793,6.295988,0.40048367,-2.6105227,-3.1782546,-4.129793,2.9594498,0.40048367,0.9995716616721806,-3.607284991769029
chr11:18028133:C>T,chr11:18028137-18028293:-,ENSE00003544172.1_1,ENSG00000129158.11_6,SERGEF,ENST00000532389.5_2,-2.5021402981550716,-2.6105227,-3.1782546,-4.129793,6.295988,0.40048367,-2.6105227,-3.1782546,-4.129793,2.9594498,0.40048367,0.9995716616721806,-3.607284991769029
chr11:18028133:C>T,chr11:18028137-18028293:-,ENSE00003544172.1_1,ENSG00000129158.11_6,SERGEF,ENST00000530925.5_2,-2.5021402981550716,-2.6105227,-3.1782546,-4.129793,6.295988,0.40048367,-2.6105227,-3.1782546,-4.129793,2.9594498,0.40048367,0.9995716616721806,-3.607284991769029
chr11:18028133:C>T,chr11:18028137-18028293:-,ENSE00003671872.1_1,ENSG00000129158.11_6,SERGEF,ENST00000533328.5_2,-2.5021402981550716,-2.6105227,-3.1782546,-4.129793,6.295988,0.40048367,-2.6105227,-3.1782546,-4.129793,2.9594498,0.40048367,0.9995716616721806,-3.607284991769029
chr11:18028133:C>T,chr11:18028137-18028293:-,ENSE00003671872.1_1,ENSG00000129158.11_6,SERGEF,ENST00000532212.5_2,-2.5021402981550716,-2.6105227,-3.1782546,-4.129793,6.295988,0.40048367,-2.6105227,-3.1782546,-4.129793,2.9594498,0.40048367,0.9995716616721806,-3.607284991769029
chr11:18028133:C>T,chr11:18028137-18028293:-,ENSE00003671872.1_1,ENSG00000129158.11_6,SERGEF,ENST00000524716.5_2,-2.5021402981550716,-2.6105227,-3.1782546,-4.129793,6.295988,0.40048367,-2.6105227,-3.1782546,-4.129793,2.9594498,0.40048367,0.9995716616721806,-3.607284991769029
chr11:62985208:C>T,chr11:62985052-62985207:-,ENSE00003575894.1_1,ENSG00000196600.12_6,SLC22A25,ENST00000306494.10_2,-0.1887179551384507,-2.5846276,-0.6790263,-4.705666,2.2679164,0.75892824,-2.5846276,-0.94086015,-4.705666,2.2679164,0.75892824,0.81359843841901,-0.23525056290703245
chr11:62985208:C>T,chr11:62985052-62985207:-,ENSE00003575894.1_1,ENSG00000196600.12_6,SLC22A25,ENST00000527057.5_4,-0.1887179551384507,-2.5846276,-0.6790263,-4.705666,2.2679164,0.75892824,-2.5846276,-0.94086015,-4.705666,2.2679164,0.75892824,0.81359843841901,-0.23525056290703245
chr11:62985208:C>T,chr11:62985052-62985207:-,ENSE00003620654.1_1,ENSG00000196600.12_6,SLC22A25,ENST00000528239.5_4,-0.1887179551384507,-2.5846276,-0.6790263,-4.705666,2.2679164,0.75892824,-2.5846276,-0.94086015,-4.705666,2.2679164,0.75892824,0.81359843841901,-0.23525056290703245
chr12:7069431:G>A,chr12:7069250-7069402:+,ENSE00003609788.1_1,ENSG00000111679.17_5,PTPN6,ENST00000399448.5_1,-0.08524891275666781,-4.4638047,-4.718922,-2.2210865,4.7987733,0.16873296,-4.4638047,-4.718922,-2.2210865,4.7987733,0.130757,0.438003928183235,-0.12248809929900792
chr12:7069431:G>A,chr12:7069250-7069402:+,ENSE00003609788.1_1,ENSG00000111679.17_5,PTPN6,ENST00000456013.5_1,-0.08524891275666781,-4.4638047,-4.718922,-2.2210865,4.7987733,0.16873296,-4.4638047,-4.718922,-2.2210865,4.7987733,0.130757,0.438003928183235,-0.12248809929900792
chr12:7069431:G>A,chr12:7069250-7069402:+,ENSE00003609788.1_1,ENSG00000111679.17_5,PTPN6,ENST00000318974.14_2,-0.08524891275666781,-4.4638047,-4.718922,-2.2210865,4.7987733,0.16873296,-4.4638047,-4.718922,-2.2210865,4.7987733,0.130757,0.438003928183235,-0.12248809929900792
chr12:7069431:G>A,chr12:7069250-7069402:+,ENSE00003505246.1_1,ENSG00000111679.17_5,PTPN6,ENST00000416215.6_1,-0.08524891275666781,-4.4638047,-4.718922,-2.2210865,4.7987733,0.16873296,-4.4638047,-4.718922,-2.2210865,4.7987733,0.130757,0.438003928183235,-0.12248809929900792
chr12:7069431:G>A,chr12:7069250-7069402:+,ENSE00003505246.1_1,ENSG00000111679.17_5,PTPN6,ENST00000539029.5_1,-0.08524891275666781,-4.4638047,-4.718922,-2.2210865,4.7987733,0.16873296,-4.4638047,-4.718922,-2.2210865,4.7987733,0.130757,0.438003928183235,-0.12248809929900792
chr12:7069431:G>A,chr12:7069250-7069402:+,ENSE00003505246.1_1,ENSG00000111679.17_5,PTPN6,ENST00000542761.5_1,-0.08524891275666781,-4.4638047,-4.718922,-2.2210865,4.7987733,0.16873296,-4.4638047,-4.718922,-2.2210865,4.7987733,0.130757,0.438003928183235,-0.12248809929900792
chr12:7069431:G>A,chr12:7069250-7069402:+,ENSE00003505246.1_1,ENSG00000111679.17_5,PTPN6,ENST00000537533.1_1,-0.08524891275666781,-4.4638047,-4.718922,-2.2210865,4.7987733,0.16873296,-4.4638047,-4.718922,-2.2210865,4.7987733,0.130757,0.438003928183235,-0.12248809929900792
chr12:7069431:G>A,chr12:7069506-7069598:+,ENSE00003483795.1_1,ENSG00000111679.17_5,PTPN6,ENST00000399448.5_1,0.06084898269260074,-4.671198,1.0003014,-3.2272635,4.9558372,-0.31500465,-4.5500345,1.0003014,-3.2272635,4.9558372,-0.31500465,0.18340832578069452,-0.12248809929900792
chr12:7069431:G>A,chr12:7069506-7069598:+,ENSE00003483795.1_1,ENSG00000111679.17_5,PTPN6,ENST00000456013.5_1,0.06084898269260074,-4.671198,1.0003014,-3.2272635,4.9558372,-0.31500465,-4.5500345,1.0003014,-3.2272635,4.9558372,-0.31500465,0.18340832578069452,-0.12248809929900792
chr12:7069431:G>A,chr12:7069506-7069598:+,ENSE00003483795.1_1,ENSG00000111679.17_5,PTPN6,ENST00000318974.14_2,0.06084898269260074,-4.671198,1.0003014,-3.2272635,4.9558372,-0.31500465,-4.5500345,1.0003014,-3.2272635,4.9558372,-0.31500465,0.18340832578069452,-0.12248809929900792
chr12:7069431:G>A,chr12:7069506-7069598:+,ENSE00003514704.1_1,ENSG00000111679.17_5,PTPN6,ENST00000416215.6_1,0.06084898269260074,-4.671198,1.0003014,-3.2272635,4.9558372,-0.31500465,-4.5500345,1.0003014,-3.2272635,4.9558372,-0.31500465,0.18340832578069452,-0.12248809929900792
chr12:7069431:G>A,chr12:7069506-7069598:+,ENSE00003514704.1_1,ENSG00000111679.17_5,PTPN6,ENST00000539029.5_1,0.06084898269260074,-4.671198,1.0003014,-3.2272635,4.9558372,-0.31500465,-4.5500345,1.0003014,-3.2272635,4.9558372,-0.31500465,0.18340832578069452,-0.12248809929900792
chr12:7069431:G>A,chr12:7069506-7069567:+,ENSE00002318513.1_1,ENSG00000111679.17_5,PTPN6,ENST00000542761.5_1,0.06084898269260074,-4.671198,1.0003014,-2.140195,-2.3587532,0.1050826,-4.5500345,1.0003014,-2.140195,-2.3587532,0.1050826,0.9140477684631224,-0.12248809929900792
chr12:7069431:G>A,chr12:7069506-7069598:+,ENSE00003514704.1_1,ENSG00000111679.17_5,PTPN6,ENST00000537533.1_1,0.06084898269260074,-4.671198,1.0003014,-3.2272635,4.9558372,-0.31500465,-4.5500345,1.0003014,-3.2272635,4.9558372,-0.31500465,0.18340832578069452,-0.12248809929900792
chr16:27709648:G>A,chr16:27709648-27709821:+,ENSE00003680152.1_1,ENSG00000047578.13_8,KIAA0556,ENST00000261588.9_5,-0.23532843847687,-2.8452137,1.6687897,-2.2472384,5.1192474,0.015202265,-2.8452137,1.3425082,-2.2472384,5.1192474,0.015202265,0.3490822778466807,-0.2630058803776471
chr16:27709648:G>A,chr16:27709648-27709821:+,ENSE00003676483.1_1,ENSG00000047578.13_8,KIAA0556,ENST00000567894.5_1,-0.23532843847687,-2.8452137,1.6687897,-2.2472384,5.1192474,0.015202265,-2.8452137,1.3425082,-2.2472384,5.1192474,0.015202265,0.3490822778466807,-0.2630058803776471
chr16:30020302:G>A,chr16:30018351-30020426:-,ENSE00002593051.1_1,ENSG00000149927.18_6,DOC2A,ENST00000564233.5_2,0.00151364546006522,-3.8202405,-2.2151127,-3.600531,3.7668276,0.1940319,-3.8202405,-2.2151127,-3.5999718,3.7668276,0.1940319,0.4856895117104852,-0.12034249163707302
chr16:30020302:G>A,chr16:30020316-30020426:-,ENSE00000993009.1_1,ENSG00000149927.18_6,DOC2A,ENST00000350119.9_3,-0.09485559903476488,-3.8202405,-2.2151127,-2.4809756,6.220895,0.12102391,-3.8202405,-2.2151127,-2.4809756,6.220895,0.07880074,0.1803134453149673,-0.12248809929900792
chr16:30020302:G>A,chr16:30020316-30020426:-,ENSE00000993009.1_1,ENSG00000149927.18_6,DOC2A,ENST00000616445.4_2,-0.09485559903476488,-3.8202405,-2.2151127,-2.4809756,6.220895,0.12102391,-3.8202405,-2.2151127,-2.4809756,6.220895,0.07880074,0.1803134453149673,-0.12248809929900792
chr16:30020302:G>A,chr16:30020316-30020426:-,ENSE00000993009.1_1,ENSG00000149927.18_6,DOC2A,ENST00000564944.5_2,-0.09485559903476488,-3.8202405,-2.2151127,-2.4809756,6.220895,0.12102391,-3.8202405,-2.2151127,-2.4809756,6.220895,0.07880074,0.1803134453149673,-0.12248809929900792
chr16:30020302:G>A,chr16:30020316-30020426:-,ENSE00000993009.1_1,ENSG00000149927.18_6,DOC2A,ENST00000564979.5_2,-0.09485559903476488,-3.8202405,-2.2151127,-2.4809756,6.220895,0.12102391,-3.8202405,-2.2151127,-2.4809756,6.220895,0.07880074,0.1803134453149673,-0.12248809929900792
chr16:30020302:G>A,chr16:30020316-30020426:-,ENSE00000993009.1_1,ENSG00000149927.18_6,DOC2A,ENST00000566310.5_2,-0.09485559903476488,-3.8202405,-2.2151127,-2.4809756,6.220895,0.12102391,-3.8202405,-2.2151127,-2.4809756,6.220895,0.07880074,0.1803134453149673,-0.12248809929900792
chr16:30020302:G>A,chr16:30020316-30020426:-,ENSE00000993009.1_1,ENSG00000149927.18_6,DOC2A,ENST00000565273.5_2,-0.09485559903476488,-3.8202405,-2.2151127,-2.4809756,6.220895,0.12102391,-3.8202405,-2.2151127,-2.4809756,6.220895,0.07880074,0.1803134453149673,-0.12248809929900792
chr16:30020302:G>A,chr16:30020316-30020426:-,ENSE00000993009.1_1,ENSG00000149927.18_6,DOC2A,ENST00000563378.5_3,-0.09485559903476488,-3.8202405,-2.2151127,-2.4809756,6.220895,0.12102391,-3.8202405,-2.2151127,-2.4809756,6.220895,0.07880074,0.1803134453149673,-0.12248809929900792
chr16:30020302:G>A,chr16:30020316-30020426:-,ENSE00000993009.1_1,ENSG00000149927.18_6,DOC2A,ENST00000567332.6_2,-0.09485559903476488,-3.8202405,-2.2151127,-2.4809756,6.220895,0.12102391,-3.8202405,-2.2151127,-2.4809756,6.220895,0.07880074,0.1803134453149673,-0.12248809929900792
chr16:30020302:G>A,chr16:30020324-30020426:-,ENSE00002599130.1_1,ENSG00000149927.18_6,DOC2A,ENST00000561671.5_2,-0.05732940703214375,-3.8202405,-2.2151127,-2.2482576,0.84586805,-0.23767728,-3.8202405,-2.2151127,-2.2482576,0.84586805,-0.26330972,0.7919250689798903,-0.12248809929900792
chr18:20951341:G>A,chr18:20951385-20951434:-,ENSE00003628735.1_1,ENSG00000134490.14_7,TMEM241,ENST00000581444.5_2,0.13993260768221694,-2.5952878,0.8171642,-6.058843,3.8589041,0.16598524,-2.5952878,0.8171642,-6.058843,3.8589041,0.22756444,0.3802022793912507,-0.12248809929900792
chr18:20951341:G>A,chr18:20951385-20951434:-,ENSE00003560190.1_1,ENSG00000134490.14_7,TMEM241,ENST00000383233.8_4,0.13993260768221694,-2.5952878,0.8171642,-6.058843,3.8589041,0.16598524,-2.5952878,0.8171642,-6.058843,3.8589041,0.22756444,0.3802022793912507,-0.12248809929900792
chr18:20951341:G>A,chr18:20951385-20951434:-,ENSE00003628735.1_1,ENSG00000134490.14_7,TMEM241,ENST00000542162.5_3,0.13993260768221694,-2.5952878,0.8171642,-6.058843,3.8589041,0.16598524,-2.5952878,0.8171642,-6.058843,3.8589041,0.22756444,0.3802022793912507,-0.12248809929900792
chr18:20951341:G>A,chr18:20951385-20951434:-,ENSE00003560190.1_1,ENSG00000134490.14_7,TMEM241,ENST00000578520.5_3,0.13993260768221694,-2.5952878,0.8171642,-6.058843,3.8589041,0.16598524,-2.5952878,0.8171642,-6.058843,3.8589041,0.22756444,0.3802022793912507,-0.12248809929900792
chr18:20951341:G>A,chr18:20951385-20951434:-,ENSE00003628735.1_1,ENSG00000134490.14_7,TMEM241,ENST00000497608.5_2,0.13993260768221694,-2.5952878,0.8171642,-6.058843,3.8589041,0.16598524,-2.5952878,0.8171642,-6.058843,3.8589041,0.22756444,0.3802022793912507,-0.12248809929900792
chr18:20951341:G>A,chr18:20951385-20951434:-,ENSE00003628735.1_1,ENSG00000134490.14_7,TMEM241,ENST00000577531.5_2,0.13993260768221694,-2.5952878,0.8171642,-6.058843,3.8589041,0.16598524,-2.5952878,0.8171642,-6.058843,3.8589041,0.22756444,0.3802022793912507,-0.12248809929900792
chr18:20951341:G>A,chr18:20951385-20951434:-,ENSE00003560190.1_1,ENSG00000134490.14_7,TMEM241,ENST00000582336.5_4,0.13993260768221694,-2.5952878,0.8171642,-6.058843,3.8589041,0.16598524,-2.5952878,0.8171642,-6.058843,3.8589041,0.22756444,0.3802022793912507,-0.12248809929900792
chr19:54928178:C>T,chr19:54927229-54928098:+,ENSE00001902893.1_1,ENSG00000167614.14_6,TTYH1,ENST00000487134.5_1,-0.05454962044851259,-3.9715014,-3.746623,-3.6646228,2.7533894,0.21018784,-3.9715014,-3.746623,-3.6646228,2.7533894,0.18578437,0.6917614259370456,-0.12248809929900792
chr19:54928178:C>T,chr19:54927962-54928098:+,ENSE00001784693.1_1,ENSG00000167614.14_6,TTYH1,ENST00000445095.5_1,-0.05454962044851259,-4.4089236,1.4400756,-2.0737689,2.7533894,0.21018784,-4.4089236,1.4400756,-2.0737689,2.7533894,0.18578437,0.40965736221782856,-0.12248809929900792
chr19:55176531:G>A,chr19:55176580-55176631:+,ENSE00003693624.1_1,ENSG00000186818.12_6,LILRB4,ENST00000391736.5_1,0.05026488259649525,-4.1218195,1.1153325,-3.8312502,5.044092,0.31323287,-4.0362186,1.0207975,-3.8312502,5.044092,0.31323287,0.12086251342105356,-0.16320093634009716
chr19:55176531:G>A,chr19:55176580-55176631:+,ENSE00003655483.1_1,ENSG00000186818.12_6,LILRB4,ENST00000494796.5_1,0.05026488259649525,-4.1218195,1.1153325,-3.8312502,5.044092,0.31323287,-4.0362186,1.0207975,-3.8312502,5.044092,0.31323287,0.12086251342105356,-0.16320093634009716
chr19:55176531:G>A,chr19:55176580-55176631:+,ENSE00003693624.1_1,ENSG00000186818.12_6,LILRB4,ENST00000430952.6_2,0.05026488259649525,-4.1218195,1.1153325,-3.8312502,5.044092,0.31323287,-4.0362186,1.0207975,-3.8312502,5.044092,0.31323287,0.12086251342105356,-0.16320093634009716
chr19:55176531:G>A,chr19:55176580-55176631:+,ENSE00003693624.1_1,ENSG00000186818.12_6,LILRB4,ENST00000391734.7_2,0.05026488259649525,-4.1218195,1.1153325,-3.8312502,5.044092,0.31323287,-4.0362186,1.0207975,-3.8312502,5.044092,0.31323287,0.12086251342105356,-0.16320093634009716
chr19:55176531:G>A,chr19:55176580-55176631:+,ENSE00003693624.1_1,ENSG00000186818.12_6,LILRB4,ENST00000391733.7_2,0.05026488259649525,-4.1218195,1.1153325,-3.8312502,5.044092,0.31323287,-4.0362186,1.0207975,-3.8312502,5.044092,0.31323287,0.12086251342105356,-0.16320093634009716
chr19:55176531:G>A,chr19:55176583-55176631:+,ENSE00002516050.1_1,ENSG00000186818.12_6,LILRB4,ENST00000434286.1_3,0.04317970890246088,-3.341955,2.3568292,-3.8255525,5.044092,0.31323287,-3.2563536,2.3568292,-3.8255525,5.044092,0.31323287,0.15129927695501297,-0.12248809929900792
chr20:1145080:C>T,chr20:1144961-1145120:+,ENSE00003659963.1_1,ENSG00000125818.18_9,PSMF1,ENST00000652336.1_1,-0.03938667835709553,-3.0444431,1.7911892,-3.2980328,4.872332,-0.28098157,-3.0444431,1.7911892,-3.3239017,4.872332,-0.28098157,0.1742118952938206,-0.2217219963728625
chr20:1145080:C>T,chr20:1144961-1145120:+,ENSE00003659963.1_1,ENSG00000125818.18_9,PSMF1,ENST00000333082.7_3,-0.03938667835709553,-3.0444431,1.7911892,-3.2980328,4.872332,-0.28098157,-3.0444431,1.7911892,-3.3239017,4.872332,-0.28098157,0.1742118952938206,-0.2217219963728625
chr20:1145080:C>T,chr20:1144961-1145120:+,ENSE00003659963.1_1,ENSG00000125818.18_9,PSMF1,ENST00000246015.8_3,-0.03938667835709553,-3.0444431,1.7911892,-3.2980328,4.872332,-0.28098157,-3.0444431,1.7911892,-3.3239017,4.872332,-0.28098157,0.1742118952938206,-0.2217219963728625
chr20:1145080:C>T,chr20:1144961-1145120:+,ENSE00003659963.1_1,ENSG00000125818.18_9,PSMF1,ENST00000335877.11_4,-0.03938667835709553,-3.0444431,1.7911892,-3.2980328,4.872332,-0.28098157,-3.0444431,1.7911892,-3.3239017,4.872332,-0.28098157,0.1742118952938206,-0.2217219963728625
chr20:1145080:C>T,chr20:1144961-1145120:+,ENSE00003641408.1_1,ENSG00000125818.18_9,PSMF1,ENST00000484891.1_1,-0.03938667835709553,-3.0444431,1.7911892,-3.2980328,4.872332,-0.28098157,-3.0444431,1.7911892,-3.3239017,4.872332,-0.28098157,0.1742118952938206,-0.2217219963728625
chr20:1145080:C>T,chr20:1144961-1145120:+,ENSE00003659963.1_1,ENSG00000125818.18_9,PSMF1,ENST00000435720.5_3,-0.03938667835709553,-3.0444431,1.7911892,-3.2980328,4.872332,-0.28098157,-3.0444431,1.7911892,-3.3239017,4.872332,-0.28098157,0.1742118952938206,-0.2217219963728625
chr20:1145080:C>T,chr20:1144961-1145120:+,ENSE00003659963.1_1,ENSG00000125818.18_9,PSMF1,ENST00000381898.5_1,-0.03938667835709553,-3.0444431,1.7911892,-3.2980328,4.872332,-0.28098157,-3.0444431,1.7911892,-3.3239017,4.872332,-0.28098157,0.1742118952938206,-0.2217219963728625
chr22:20922807:G>A,chr22:20922807-20922918:+,ENSE00003482544.1_1,ENSG00000099917.17_6,MED15,ENST00000433831.5_1,-0.25727464076957046,-3.0875251,1.907634,-2.5737817,6.0825834,0.28925097,-3.0875251,1.5510077,-2.5737817,6.0825834,0.28925097,0.26625651763137204,-0.2760742668924498
chr22:20922807:G>A,chr22:20922807-20922918:+,ENSE00003659259.1_1,ENSG00000099917.17_6,MED15,ENST00000292733.11_1,-0.25727464076957046,-3.0875251,1.907634,-2.5737817,6.0825834,0.28925097,-3.0875251,1.5510077,-2.5737817,6.0825834,0.28925097,0.26625651763137204,-0.2760742668924498
chr22:20922807:G>A,chr22:20922807-20922918:+,ENSE00003659259.1_1,ENSG00000099917.17_6,MED15,ENST00000263205.11_2,-0.25727464076957046,-3.0875251,1.907634,-2.5737817,6.0825834,0.28925097,-3.0875251,1.5510077,-2.5737817,6.0825834,0.28925097,0.26625651763137204,-0.2760742668924498
chr22:20922807:G>A,chr22:20922807-20922918:+,ENSE00003659259.1_1,ENSG00000099917.17_6,MED15,ENST00000406969.5_2,-0.25727464076957046,-3.0875251,1.907634,-2.5737817,6.0825834,0.28925097,-3.0875251,1.5510077,-2.5737817,6.0825834,0.28925097,0.26625651763137204,-0.2760742668924498
chr22:20922807:G>A,chr22:20922807-20922918:+,ENSE00003659259.1_1,ENSG00000099917.17_6,MED15,ENST00000382974.6_3,-0.25727464076957046,-3.0875251,1.907634,-2.5737817,6.0825834,0.28925097,-3.0875251,1.5510077,-2.5737817,6.0825834,0.28925097,0.26625651763137204,-0.2760742668924498
chr22:20922807:G>A,chr22:20922807-20922918:+,ENSE00003482544.1_1,ENSG00000099917.17_6,MED15,ENST00000492381.5_1,-0.25727464076957046,-3.0875251,1.907634,-2.5737817,6.0825834,0.28925097,-3.0875251,1.5510077,-2.5737817,6.0825834,0.28925097,0.26625651763137204,-0.2760742668924498
chr22:20922807:G>A,chr22:20922807-20922918:+,ENSE00003482544.1_1,ENSG00000099917.17_6,MED15,ENST00000478831.5_1,-0.25727464076957046,-3.0875251,1.907634,-2.5737817,6.0825834,0.28925097,-3.0875251,1.5510077,-2.5737817,6.0825834,0.28925097,0.26625651763137204,-0.2760742668924498
chrX:39935787:T>A,chrX:39935706-39935785:-,ENSE00003683154.1_1,ENSG00000183337.17_6,BCOR,ENST00000397354.7_2,-0.09931802445654957,-3.3669684,-1.8132555,-2.7036467,2.7403386,0.8626621,-3.3669684,-1.9514773,-2.7036467,2.7403386,0.8626621,0.6950633921671572,-0.1820152544483912
chrX:39935787:T>A,chrX:39935706-39935785:-,ENSE00003683154.1_1,ENSG00000183337.17_6,BCOR,ENST00000378455.8_2,-0.09931802445654957,-3.3669684,-1.8132555,-2.7036467,2.7403386,0.8626621,-3.3669684,-1.9514773,-2.7036467,2.7403386,0.8626621,0.6950633921671572,-0.1820152544483912
chrX:39935787:T>A,chrX:39935706-39935785:-,ENSE00003683154.1_1,ENSG00000183337.17_6,BCOR,ENST00000342274.8_2,-0.09931802445654957,-3.3669684,-1.8132555,-2.7036467,2.7403386,0.8626621,-3.3669684,-1.9514773,-2.7036467,2.7403386,0.8626621,0.6950633921671572,-0.1820152544483912
chrX:39935787:T>A,chrX:39935706-39935785:-,ENSE00003683154.1_1,ENSG00000183337.17_6,BCOR,ENST00000378444.9_3,-0.09931802445654957,-3.3669684,-1.8132555,-2.7036467,2.7403386,0.8626621,-3.3669684,-1.9514773,-2.7036467,2.7403386,0.8626621,0.6950633921671572,-0.1820152544483912
chrX:39935787:T>A,chrX:39935706-39935785:-,ENSE00003683154.1_1,ENSG00000183337.17_6,BCOR,ENST00000673391.1_2,-0.09931802445654957,-3.3669684,-1.8132555,-2.7036467,2.7403386,0.8626621,-3.3669684,-1.9514773,-2.7036467,2.7403386,0.8626621,0.6950633921671572,-0.1820152544483912
chrX:39935787:T>A,chrX:39935706-39935785:-,ENSE00003683154.1_1,ENSG00000183337.17_6,BCOR,ENST00000406200.3_3,-0.09931802445654957,-3.3669684,-1.8132555,-2.7036467,2.7403386,0.8626621,-3.3669684,-1.9514773,-2.7036467,2.7403386,0.8626621,0.6950633921671572,-0.1820152544483912
chrX:39935787:T>A,chrX:39935706-39935785:-,ENSE00003635104.1_1,ENSG00000183337.17_6,BCOR,ENST00000490976.5_2,-0.09931802445654957,-3.3669684,-1.8132555,-2.7036467,2.7403386,0.8626621,-3.3669684,-1.9514773,-2.7036467,2.7403386,0.8626621,0.6950633921671572,-0.1820152544483912
chrX:39935787:T>A,chrX:39935706-39935785:-,ENSE00003683154.1_1,ENSG00000183337.17_6,BCOR,ENST00000672922.1_2,-0.09931802445654957,-3.3669684,-1.8132555,-2.7036467,2.7403386,0.8626621,-3.3669684,-1.9514773,-2.7036467,2.7403386,0.8626621,0.6950633921671572,-0.1820152544483912
chrX:76952065:C>T,chrX:76952064-76952192:-,ENSE00003713901.1_1,ENSG00000085224.22_7,ATRX,ENST00000373344.10_3,-3.4707638794817135,-2.2540226,-1.8295748,-3.6620822,4.1618705,0.8225597,-2.2540226,-1.8295748,-4.1061215,0.03921795,0.8225597,0.999979756160774,-5.129486697849572
chrX:76952065:C>T,chrX:76952064-76952192:-,ENSE00003713901.1_1,ENSG00000085224.22_7,ATRX,ENST00000395603.7_2,-3.4707638794817135,-2.2540226,-1.8295748,-3.6620822,4.1618705,0.8225597,-2.2540226,-1.8295748,-4.1061215,0.03921795,0.8225597,0.999979756160774,-5.129486697849572
chrX:76952065:C>T,chrX:76952064-76952192:-,ENSE00003713901.1_1,ENSG00000085224.22_7,ATRX,ENST00000480283.5_2,-3.4707638794817135,-2.2540226,-1.8295748,-3.6620822,4.1618705,0.8225597,-2.2540226,-1.8295748,-4.1061215,0.03921795,0.8225597,0.999979756160774,-5.129486697849572
chrX:76952065:C>T,chrX:76952064-76952192:-,ENSE00003713901.1_1,ENSG00000085224.22_7,ATRX,ENST00000624166.3_4,-3.4707638794817135,-2.2540226,-1.8295748,-3.6620822,4.1618705,0.8225597,-2.2540226,-1.8295748,-4.1061215,0.03921795,0.8225597,0.999979756160774,-5.129486697849572
chrX:76952065:C>T,chrX:76952064-76952192:-,ENSE00003713901.1_1,ENSG00000085224.22_7,ATRX,ENST00000624032.3_4,-3.4707638794817135,-2.2540226,-1.8295748,-3.6620822,4.1618705,0.8225597,-2.2540226,-1.8295748,-4.1061215,0.03921795,0.8225597,0.999979756160774,-5.129486697849572
chrX:76952065:C>T,chrX:76952064-76952192:-,ENSE00003713901.1_1,ENSG00000085224.22_7,ATRX,ENST00000623321.3_3,-3.4707638794817135,-2.2540226,-1.8295748,-3.6620822,4.1618705,0.8225597,-2.2540226,-1.8295748,-4.1061215,0.03921795,0.8225597,0.999979756160774,-5.129486697849572
chrX:76952065:C>T,chrX:76952064-76952192:-,ENSE00003713901.1_1,ENSG00000085224.22_7,ATRX,ENST00000625063.3_4,-3.4707638794817135,-2.2540226,-1.8295748,-3.6620822,4.1618705,0.8225597,-2.2540226,-1.8295748,-4.1061215,0.03921795,0.8225597,0.999979756160774,-5.129486697849572
chrX:76952065:C>T,chrX:76952064-76952192:-,ENSE00003713901.1_1,ENSG00000085224.22_7,ATRX,ENST00000624668.3_3,-3.4707638794817135,-2.2540226,-1.8295748,-3.6620822,4.1618705,0.8225597,-2.2540226,-1.8295748,-4.1061215,0.03921795,0.8225597,0.999979756160774,-5.129486697849572
